{
    "f1_micro": 0.483397190293742,
    "f1_macro": 0.1624449312470227,
    "hamming_loss": 0.02062302437034771
}