{
    "f1_micro": 0.5007754123784013,
    "f1_macro": 0.23479282886215677,
    "hamming_loss": 0.022566789028245132
}